id,title,text,label,source
EXT-tr-1-0,Nobel öncesi bilgi mi sızdırıldı?,"Norveç'te yayn yapan Aftenposten gazetesinin haberine göre, Norveç Nobel Enstitüsü Direktörü Kristian Berg Harpviken, yerel saatle 10.50'de Machado'yu Nobel Bar Ödülü'nü kazandna ilikin bilgilendirme… [+4269 chars]",EXTERNAL,newsapi:Haberturk.com
EXT-tr-1-1,Fed faiz kararı ne zaman açıklanacak?,"Finans dünyasnda heyecan dorukta! ABD Merkez Bankas (Fed), Ekim ay faiz kararn açklamaya hazrlanyor. Son toplantsnda sürpriz bir ekilde faiz indirimine giderek piyasalarn seyrini deitiren Fedin bu ke… [+145 chars]",EXTERNAL,newsapi:Haberturk.com
EXT-tr-1-2,Venezuelalı Maria Corina Machado'ya verilen Nobel Barış Ödülü'yle ilgili sızıntı şüphesiyle 'bahis soruşturması' başlatıldı,"Noveç'te yayn yapan Aftenposten gazetesinin haberine göre, Norveç Nobel Enstitüsü Direktörü Kristian Berg Harpviken, yerel saatle 10.50'de Venezuelal Machado'yu Nobel Bar Ödülü'nü kazandna ilikin bil… [+3161 chars]",EXTERNAL,newsapi:Patronlardunyasi.com
EXT-tr-1-3,Nobel'de 'Machado' depremi! Skandal ortaya çıktı! Soruşturma başlatıldı.,"2025 Nobel Bar Ödülü'nü kazanan Netanyahu destekçisi Machado'ya verilen Nobel ödülü için ""bahis soruturmas"" yaplyor. Norveç Nobel Enstitüsü, 2025 Nobel Bar Ödülü'nü kazanan kii duyurulmadan önce, öd… [+4552 chars]",EXTERNAL,newsapi:Haber7.com
EXT-tr-1-4,"Netanyahu destekçisi Machado'ya verilen Nobel ödülü için ""bahis soruşturması"" yapılıyor","Norveç Nobel Enstitüsü, srail Babakan Binyamin Netanyahu'ya desteiyle bilinen Machado'ya yönelik bahislerin bir anda artmas nedeniyle komiteden bilgi szp szmadn soruturacak. Noveç'te yayn yapan Afte… [+4682 chars]",EXTERNAL,newsapi:Anadolu Agency
EXT-tr-1-5,Küresel ticaretteki dalgalanmalarda İslami finansın rolü Katar'daki konferansta masaya yatırıldı,Katar’n bakenti Doha'da Hamad Bin Halife Üniversitesi (HBKU) slam Aratrmalar Bölümü ve Katar Finans Merkezi tarafndan 8. Uluslararas slami Finans Konferans (ICIF) düzenlendi. KÜRESEL TCARETTEK DALGA… [+1923 chars],EXTERNAL,newsapi:Patronlardunyasi.com
EXT-tr-1-6,Bakan Kacır'dan teknolojide tam bağımsızlık vurgusu: Milli meselemiz,"Sanayi ve Teknoloji Bakan Mehmet Fatih Kacr, stanbulda Boaziçi Üniversiteliler Dernei 18. Olaan Genel Kuruluna katlarak konuma yapt. Bakan Kacr, stanbulda Boaziçi Üniversiteliler Derneinin (BURA) 18… [+5592 chars]",EXTERNAL,newsapi:Haber7.com
EXT-tr-1-7,Bakanlık 'mesken kiralarından yüzde 20 stopaj kesintisi' iddialarına yanıt verdi,"Türkiye ve dünyadan ekonomi alanndaki güncel gelimeler, para piyasalarndaki son durum. Kredi kurulular deerlendirmesi ve dier tüm gelimeler. https://anlatilaninotesi.com.tr/20251012/hazine-ve-maliye… [+1263 chars]",EXTERNAL,newsapi:Anlatilaninotesi.com.tr
EXT-tr-1-8,Cumhurbaşkanlığı Yatırım ve Finans Ofisi ile Amadeus mutabakat zaptı imzaladı,"Cumhurbakanl Yatrm ve Finans Ofisi Bakan Burak Dalolu ve Amadeus IT Group SA Bakan Yardmcs ve EMEA Genel Müdürü Maher Koubaa, Cumhurbakanl Dolmabahçe Çalma Ofisi'nde bir araya gelerek mutabakat zapt … [+1008 chars]",EXTERNAL,newsapi:Anadolu Agency
EXT-tr-1-9,Cumhurbaşkanlığı Yatırım ve Finans Ofisi ile Amadeus IT Group SA arasında mutabakat zaptı imzaladı,"Cumhurbakanl Yatrm ve Finans Ofisi Bakan Burak Dalolu ve Amadeus IT Group SA Bakan Yardmcs ve EMEA Genel Müdürü Maher Koubaa, Cumhurbakanl Dolmabahçe Çalma Ofisi'nde bir araya gelerek mutabakat zapt … [+671 chars]",EXTERNAL,newsapi:Patronlardunyasi.com
EXT-tr-1-10,"Mahmut Arıkan, 200 TL'nin 16 yıldaki değişimine dikkat çekti","Saadet Partisi Genel Bakan Mahmut Arkan, en büyük banknot olan 200 lira ile ne kadar alveri yaplabileceini görmek amacyla Ankara skitler Semt Pazarna gitti. Arkan, akam saatlerinde pazara gelmesine … [+3062 chars]",EXTERNAL,newsapi:Yenicaggazetesi.com.tr
EXT-tr-1-11,Küresel ekonominin sorunları IMF ve Dünya Bankasının yıllık toplantılarında ele alınacak,"kinci Dünya Sava sonras kurulan ve ""Bretton Woods ikizleri"" olarak adlandrlan IMF ve Dünya Bankas genel merkezlerinde düzenlenecek yllk toplantlar, 190'dan fazla üye ülkeden maliye bakanlar, merkez b… [+3466 chars]",EXTERNAL,newsapi:Patronlardunyasi.com
EXT-tr-1-12,Küresel ekonominin sorunları 13-18 Ekim'de masaya yatırılacak,"Uluslararas Para Fonu (IMF) ve Dünya Bankas, küresel ekonomide büyümenin yavalad, ticari gerilimlerin artt ve borç yüklerinin tarihi seviyelere ulat bir dönemde dünya ekonomisinin kar karya olduu zor… [+3864 chars]",EXTERNAL,newsapi:Sabah.com.tr
EXT-tr-1-13,Küresel ekonominin sorunları IMF ve Dünya Bankasının yıllık toplantılarında ele alınacak,"kinci Dünya Sava sonras kurulan ve ""Bretton Woods ikizleri"" olarak adlandrlan Uluslararas Para Fonu (IMF) ve Dünya Bankas genel merkezlerinde düzenlenecek yllk toplantlar, 190'dan fazla üye ülkeden m… [+3987 chars]",EXTERNAL,newsapi:Anadolu Agency
EXT-tr-1-14,Türkiye Elektrik Sanayi Birliği'nden Sarıyar HES'e ziyaret,"Ziyarette, Elektrik Üretim A (EÜA) tarafndan iletilen santralde yürütülen kapsaml rehabilitasyon ve modernizasyon çalmalar yerinde incelendi. Sakarya Nehri üzerine kurulu olan ve 1956'da tamamlanan … [+1906 chars]",EXTERNAL,newsapi:Patronlardunyasi.com
EXT-tr-1-15,Şanlıurfa'nın kültürel mirası moda ile birleşti,"Yüzyllardr anlurfann bereketli topraklarnda yetien ve beyaz altn olarak anlan pamuk, bu kez tasarmn, sanatn ve kadn emeinin merkezinde yeniden hayat buldu. anlurfa Büyükehir Belediyesi Kültür ve Tur… [+5386 chars]",EXTERNAL,newsapi:Haber7.com
EXT-tr-1-16,Serkan Çayoğlu: Mutlu anları gözümüzde çok büyütüyoruz,"p&gt;Mehmed: Fetihler Sultan dizisinde barol oynuyorsun. Yeni sezon çekimleri balad, dizi nasl gidiyor?- Bu sezon hikâyemiz bir zaman atlamasyla balad. stanbulun fethi gerçeklemi ve artk yeni hedefle… [+3099 chars]",EXTERNAL,newsapi:Hurriyet.com.tr
EXT-tr-1-17,BIST 100 haftayı kayıpla tamamlarken Aracı Kurum Endeksi aracı kurum artışla dikkat çekti,"Milliyet yazar Zeynep Akta'n bugünkü köe yazsna göre, BIST 100 Endeksi haftay yüzde 1.27 kaypla tamamlarken, Arac Kurum Endeksi yüzde 12.77 artla dikkat çekti. Endeksteki düüe ramen araclar kazandrd.… [+5739 chars]",EXTERNAL,newsapi:Patronlardunyasi.com
EXT-tr-1-18,NURULLAH GÜR / Altının soluksuz yükselişi,"Bundan iki yl önce altnn ons fiyat 2 bin dolar ne zaman geçer diye konuuluyordu. Bugün geldiimiz seviye 4 bin dolar geçti. Yln banda 2 bin 600 dolard. Her zaman görülemeyecek, çok dramatik bir art bu… [+4304 chars]",EXTERNAL,newsapi:Sabah.com.tr
EXT-tr-1-19,Dolmabahçe’de 15 trilyon dolarlık toplantı,"Cumhurbakan Yardmcs Cevdet Ylmaz'n bakanlnda Cumhurbakanl Dolmabahçe Çalma Ofisi'nde gerçekletirilen Yatrm Danma Komitesi (YDK) toplantsnn sonuç bildirisi açkland. Toplantya ilgili bakanlar, kamu ve … [+2868 chars]",EXTERNAL,newsapi:Sabah.com.tr
EXT-tr-1-20,Dünya Sıfır Atık için İstanbul’da buluşacak,"Cumhurbakan Recep Tayyip Erdoan'n ei Emine Erdoan himayesinde balatlan Sfr Atk Hareketi, küresel boyutta ses getirmeye devam ediyor. 17-19 Ekim tarihleri arasnda gerçekletirilecek Uluslararas Sfr Atk… [+1336 chars]",EXTERNAL,newsapi:Sabah.com.tr
EXT-tr-1-21,"MELİH ALTINOK / Türkiye, İran olacak derken...","ran'da yaayan ya da ülkeyi yakn zamanda ziyaret eden gazeteci arkadalarmn aktardklar ilk gözlem, sokakta baörtüsü yasann kalkmolmas.Krsaldaki durumu bilmiyorum. Kadnlarn devlet dairelerine balar açk … [+1958 chars]",EXTERNAL,newsapi:Sabah.com.tr
EXT-tr-1-22,Cumhurbaşkanı Erdoğan: İsrail attığı imzanın arkasında durmalı,"p&gt;Cumhurbakan ve AK Parti Genel Bakan Tayyip Erdoan, smail Kahraman Kültür Merkezinde düzenlenen AK Parti Geniletilmi l Danma Meclis Toplantsnda yapt konumada özetle u mesajlar verdi: yi gününde, … [+7229 chars]",EXTERNAL,newsapi:Hurriyet.com.tr
EXT-tr-1-23,"Sahte fatura yazıp, kara para aklayanlar yapay zekayla yakalanacak, mal varlıklarına el konulacak, suç örgütlerinin finans kaynağı kesilecek","Hazine ve Maliye Bakanlnn sahte faturaya kar 1 Ekim itibariyle balatt yeni mücadelenin ifreleri... Mücadelede parola ""Kültür Deiimi"" olacak. LK KEZ MEK DUYURDU Sahte belgeden elde edilen gelirin si… [+2031 chars]",EXTERNAL,newsapi:Patronlardunyasi.com
EXT-tr-1-24,Altında yorgunluk sinyalleri,"p&gt; SON dönemin en gözde yatrm arac altn oldu. D piyasalarda ons fiyatndaki yükselie içeride dolar/TL kurundaki art da eklenince altn, dier yatrm araçlarnn açk ara önüne geçti. Ylbandan bu yana ons… [+6836 chars]",EXTERNAL,newsapi:Hurriyet.com.tr
EXT-tr-1-25,Neden anketlere böyle yansıdı?,"Anket şirketleri; Parti… Lider… Ekonomi… Güvenlik Pazar… Konut… Ve daha birçok konuda seçmene sorular yönelterek: İktidar ve muktedirlerin… İktidar ve muktedir olmak isteyenlerin, neyi nasıl… [+2714 chars]",EXTERNAL,newsapi:Yenicaggazetesi.com.tr
EXT-tr-1-26,"Güven sorununu aşmazsak, kriz devam eder","Bir ülkede, demokraside düşüş, hukukun üstünlüğünde yıpranma, devlete ve kurumlara olan güven azalması, tasarrufları engeller, tasarruf yatırım dengesi bozulur, net sermaye çıkışına neden olur . Bun… [+3677 chars]",EXTERNAL,newsapi:Yenicaggazetesi.com.tr
EXT-tr-1-27,"Muhalif lider Şor: Moldova makamları, Transdinyester'e karşı tehlikeli provokasyonlara başvurmaya hazır","Türkiye ve dünya politikasndan en güncel haberler, açklamalar https://anlatilaninotesi.com.tr/20251011/muhalif-lider-sor-moldova-makamlari-transdinyestere-karsi-tehlikeli-provokasyonlara-basvurmaya-… [+5505 chars]",EXTERNAL,newsapi:Anlatilaninotesi.com.tr
EXT-tr-1-28,Çin'de borsa denetim kurumunun eski yöneticisi hakkında yolsuzluk soruşturması başlatıldı,"Çin Komünist Partisi Merkezi Disiplin nceleme Komisyonundan yaplan açklamada, yakn geçmite CSRC'nin halka arz ilemlerini onaylayan ve denetleyen komitelerde yer alan Guo'nun, ""parti disiplinini ve ka… [+1688 chars]",EXTERNAL,newsapi:Patronlardunyasi.com
EXT-tr-1-29,"Bakan Bolat: Türkiye, bölgesinde güvenilir bir ekonomik aktör konumunda","Bolat, NSosyal hesabndan Türkiye Yatrm Danma Komitesi Toplants'na ilikin açklamada bulundu. ""Küresel Tedarik Zincirleri ve Dijital Yatrmlar"" balkl oturumlarda 11 ülkeden 30'dan fazla uluslararas irk… [+2190 chars]",EXTERNAL,newsapi:Haber7.com
EXT-tr-1-30,İYİ Partili vekil 'geçmiş olsun' diyerek duyurdu: Terör devleti kuruldu,"İYİ Parti Ekonomi ve Kalkınma Politikaları Başkanı, Samsun Milletvekili Erhan Usta Meclis kürsüsünde yaptığı konuşma ile dikkat çekti. Meclis'te yaptığı konuşmada DEM sıralara bakarak 'ben size bir … [+1542 chars]",EXTERNAL,newsapi:Yenicaggazetesi.com.tr
EXT-tr-1-31,Yatırım Danışma Komitesi toplantısının sonuç bildirisi açıklandı,"Toplantya ilgili bakanlar, kamu ve özel sektör kurum ile kurulularnn temsilcileriyle 11 ülkeden toplam deeri 15 trilyon dolar bulan 33 uluslararas yatrmc katld. Basna kapal düzenlenen toplantnn ardn… [+4601 chars]",EXTERNAL,newsapi:Anadolu Agency
EXT-tr-1-32,Bulgaristan’da para birimi değişikliği nedeniyle 2 gün resmi tatil ilan edildi,"Bulgaristan Bakanlar Kurulu, ülkenin Euro’ya geçi süreci kapsamnda belirlenen tarihlerde kamu kurumlar ile finans sektöründe faaliyetlerin durdurulacan açklad. BANKA VE ÖDEME SSTEMLER ÇALIMAYACAK K… [+980 chars]",EXTERNAL,newsapi:Patronlardunyasi.com
EXT-tr-1-33,"Snapdragon 8 Elite Gen 5, Samsung tarafından da üretilebilir","a').click(); event.preventDefault();""&gt;Tam Boyutta GörQualcommun yeni amiral gemisi yonga seti Snapdragon 8 Elite Gen 5, TSMC'nin 3nm (N3P) teknolojisiyle üretiliyor. Ancak TSMC yeni yongalarn tek … [+2738 chars]",EXTERNAL,newsapi:Donanimhaber.com
EXT-tr-1-34,"Papara'ya yönelik ""yasa dışı bahis"" soruşturmasında 25 şüpheli hakkında iddianame hazırlandı","stanbul Cumhuriyet Basavclnca, Papara Elektronik Para A'nin yasa d bahis para trafiine ön ayak olduu ve yasa d bahis örgütlerinin para transferlerini Papara üzerinden gerçekletirdii iddiasyla yürütül… [+3868 chars]",EXTERNAL,newsapi:Anadolu Agency
EXT-tr-1-35,İsrail Lübnan'ı vurdu: 1 ölü 7 yaralı,"p&gt;Lübnan Salk Bakanl, srail ordusunun ülkenin güneyindeki el-Musaylih bölgesini sabah saatlerinde sava uçaklaryla hedef ald belirtildi.Bakanlk açklamasnda, saldrlar sonucu bir Suriyelinin yaamn yi… [+2165 chars]",EXTERNAL,newsapi:Hurriyet.com.tr
EXT-tr-1-36,TRÇ ittifakından Hilal ittifakına: Türkiye'nin yeni bir güvenlik ittifakı arayışı,"Ankara Medipol Üniversitesi Siyaset Bilimi ve Uluslararas likiler Bölümü Öretim Üyesi Prof. Dr. smail Safi, MHP Lideri Devlet Bahçeli'nin Türkiye, Rusya, Çin ittifak çarsn ve bu çarnn ne anlama geldi… [+8208 chars]",EXTERNAL,newsapi:Anadolu Agency
EXT-tr-1-37,"SETA Washington Araştırma Direktörü Kanat'tan ""ABD'nin en uzun yirmi yılı"" kitabı","Siyaset, Ekonomi ve Toplum Aratrmalar Vakf (SETA) Washington DC Aratrma Direktörü Klç Bura Kanat'n kaleme ald, Amerika Birleik Devletleri'nde (ABD) 2001'den 2021'e uzanan dönemde yaanan köklü dönüüml… [+2392 chars]",EXTERNAL,newsapi:Anadolu Agency
EXT-tr-1-38,Altın fiyatlarında rekor yorgunluğu! Ralli sürecek mi?,"Altnda bir miktar daha gerilemenin yaanabileceini söyleyen uzmanlar, sonrasnda ise yeniden güçlü yükseli ihtimaline dikkat çekiyor. Uluslararas piyasalarda son haftalarda rekor üzerine rekor kran al… [+4581 chars]",EXTERNAL,newsapi:Haber7.com
EXT-tr-1-39,"Cumhurbaşkanı Yardımcısı Yılmaz: Dünya ekonomisi yönünü ararken Türkiye, kararlılıkla yoluna devam ediyor","Cumhurbakan Yardmcs Ylmaz, Türkiye hracatçlar Meclisince (TM) Türkiye novasyon Haftas kapsamnda Haliç Kongre Merkezi'nde düzenlenen novaLG ampiyonlar Ödül Töreni'nde inovasyonun Türkiye’nin kalknma h… [+8122 chars]",EXTERNAL,newsapi:Patronlardunyasi.com
EXT-tr-1-40,"Cumhurbaşkanı Yardımcısı Yılmaz: Türkiye, kararlılıkla yoluna devam ediyor","Cumhurbakan Yardmcs Cevdet Ylmaz, Türkiye hracatçlar Meclisince (TM) Türkiye novasyon Haftas kapsamnda Haliç Kongre Merkezi'nde düzenlenen novaLG ampiyonlar Ödül Töreni'nde inovasyonun Türkiye'nin ka… [+8107 chars]",EXTERNAL,newsapi:Sabah.com.tr
EXT-tr-1-41,"""Uluslararası Sıfır Atık Forumu"" 17-19 Ekim'de İstanbul'da düzenlenecek","Vakftan yaplan açklamaya göre, Cumhurbakan Recep Tayyip Erdoan'n ei Emine Erdoan'n himayelerinde ve Birlemi Milletler (BM) ibirliiyle yürütülen Sfr Atk Hareketi, 17 Ekim'de stanbul'da balayacak forum… [+6435 chars]",EXTERNAL,newsapi:Haber7.com
EXT-tr-1-42,Cumhurbaşkanı Yardımcısı Yılmaz: Dünya ekonomisi yönünü ararken Türkiye kararlılıkla yoluna devam ediyor,"Ylmaz, Türkiye hracatçlar Meclisince (TM) Türkiye novasyon Haftas kapsamnda Haliç Kongre Merkezi'nde düzenlenen novaLG ampiyonlar Ödül Töreni'nde inovasyonun Türkiye’nin kalknma hamlesine yön veren e… [+8461 chars]",EXTERNAL,newsapi:Anadolu Agency
EXT-tr-1-43,"İsrail ordusunun, Lübnan'ın güneyine düzenlediği saldırıda 1 kişi öldü, 7 kişi yaralandı","Lübnan Salk Bakanlndan yaplan yazl açklamada, srail ordusunun Lübnan'n güneyindeki el-Musaylih bölgesini sabah saatlerinde sava uçaklaryla hedef ald belirtildi. Bakanlk açklamasnda, saldrlar sonucu … [+2541 chars]",EXTERNAL,newsapi:Anadolu Agency
EXT-tr-1-44,Macron Lecornu'yu yeniden atadı! Tepkiler çığ gibi büyüdü!,"Sebastien Lecornu, sosyal medyadan yapt açklamada, ""Cumhurbakan tarafndan bana verilen, yl sonuna kadar Fransa'ya bir bütçe kazandrmak ve yurttalarmzn günlük yaamlarndaki sorunlara çözüm bulma misyon… [+3044 chars]",EXTERNAL,newsapi:Haber7.com
EXT-tr-1-45,Ekonomi ayağa düştü! Yunan futbolcu vergi rekortmeni oldu,"Gelir daresi Bakanl (GB), 2024 yl gelir vergisi rekortmenlerini açklad. Sivas Defterdarlnn listesine göre, ""sanayi ve imalat projelerine yönelik mühendislik ve danmanlk faaliyetleri"" üzerine hizmet … [+807 chars]",EXTERNAL,newsapi:Yenicaggazetesi.com.tr
EXT-tr-1-46,"First Brands Group’un çöküşü, milyarlarca dolarlık borç zinciriyle Wall Street’te geniş çaplı finansal sarsıntı endişesi yarattı","Financial Times’a açklama yapan CEO Patrick James’in sözcüsü, kurucunun grubun bandaki “rolünden ayrlmay” düündüünü belirterek, James’in her zaman irketin çkarlarn kendi çkarlarnn önünde tuttuunu ve … [+3330 chars]",EXTERNAL,newsapi:Patronlardunyasi.com
EXT-tr-1-47,"ABD ile Çin arasındaki gerilim, ekonomi ve teknolojinin farklı cephelerinde tırmanıyor","ki ülke, bir yanda karlkl tarife artlaryla trmanan ticaret geriliminin çözümü için müzakereler yürütürken dier yanda çip sektöründen yapay zekaya, nadir toprak elementlerinden soya fasulyesi ihracatn… [+9708 chars]",EXTERNAL,newsapi:Anadolu Agency
EXT-tr-1-48,"ABD ile Çin arasındaki gerilim, ekonomi ve teknoloji alanlarında tırmanışta","ki ülke, bir yanda karlkl tarife artlaryla trmanan ticaret geriliminin çözümü için müzakereler yürütürken dier yanda çip sektöründen yapay zekaya, nadir toprak elementlerinden soya fasulyesi ihracatn… [+9364 chars]",EXTERNAL,newsapi:Patronlardunyasi.com
EXT-tr-1-49,"İngiltere'nin eski başbakanı, milletvekili Rishi Sunak, Microsoft'ta kıdemli danışman olarak işe girdi, Sunak ücretini yardım kuruluşlarına verecek","ngiltere’nin eski Babakan ve milletvekili Rishi Sunak, Microsoft Corporation’da “Kdemli Danman” pozisyonunda görev almak üzere hükümetin Eski Bakanlar için Birleik Krallk Atamalar Danma Komitesi’ne (… [+3330 chars]",EXTERNAL,newsapi:Patronlardunyasi.com
EXT-tr-1-50,Borsada en çok yükselen ve düşenler belli oldu,"Borsa stanbul'da BIST 100 endeksi haftay yüzde 1,27 deer kaybederek 10.720,36 puandan tamamlad. Endeks, hafta içinde en düük 10,654,20 puan, en yüksek 10.928,38 puan gördü. Ayn dönemde Borsa stanbul… [+983 chars]",EXTERNAL,newsapi:Haber7.com
EXT-tr-1-51,5G finansal işlemlerin hızını ve güvenilirliğini artıracak,"Anadolu Ajansnn (AA) ""letiimde 5G Devri"" dosyasnn bu haberinde, Türkiye'de kullanlmaya balanacak 5G teknolojisinin bankaclk ve finans sektörüne etkisi ele alnd. AA muhabirinin sorularn yantlayan Oka… [+7846 chars]",EXTERNAL,newsapi:Anadolu Agency
EXT-tr-1-52,Küresel piyasalar Fed Başkanı Powell'ın açıklamalarına ve ABD'de hükümetin açılma sürecine odaklandı,"ABD'de geçen hafta hükümetin tekrar açlmas için yaplan bütçe görümeleri sonuçsuz kalrken, yeni haftada uzlama olup olmayacana yönelik haber ak, ABD Bakan Donald Trump'n Çin'i hedef alan tarife söylem… [+8988 chars]",EXTERNAL,newsapi:Anadolu Agency
EXT-tr-1-53,"""Uluslararası Sıfır Atık Forumu"" 17-19 Ekim'de İstanbul'da düzenlenecek","Vakftan yaplan açklamaya göre, Cumhurbakan Recep Tayyip Erdoan'n ei Emine Erdoan'n himayelerinde ve Birlemi Milletler (BM) ibirliiyle yürütülen Sfr Atk Hareketi, 17 Ekim'de stanbul'da balayacak forum… [+6796 chars]",EXTERNAL,newsapi:Anadolu Agency
EXT-tr-1-54,"""Uluslararası Sıfır Atık Forumu"" 17-19 Ekim'de İstanbul'da düzenlenecek","Vakftan yaplan açklamaya göre, Cumhurbakan Recep Tayyip Erdoan'n ei Emine Erdoan'n himayelerinde ve Birlemi Milletler (BM) ibirliiyle yürütülen Sfr Atk Hareketi, 17 Ekim'de stanbul'da balayacak forum… [+6443 chars]",EXTERNAL,newsapi:Sabah.com.tr
EXT-tr-1-55,Buckingham sarayına komşu Peninsula’da 10 milyon sterline satılan 1+1 daireleri satın alan ilk Türk patron kim olacak?,"Toygun ATLLA Nasl Bir Ekonomi gazetesinde Mehmet Doan Erdoan’n ""Milyarderler apartmannda 10 milyon sterline 1+1” balkl haberini görünce, uzun zamandr gündemimde olan bir haberi atladm fark ettim. … [+3109 chars]",EXTERNAL,newsapi:Patronlardunyasi.com
EXT-tr-1-56,2025’te değerli metaller yükselişte: Altın ve gümüş rekor kırarken platin ve paladyum yatırımcısını şaşırttı,"Jeopolitik riskler, ABD Merkez Bankas'nn (Fed) para politikasna ilikin gelimeler, Çin ekonomisine ilikin sinyaller, ABD Bakan Donald Trump'n tarifleri derken 2025 deerli metallerin yl oldu. Altn ve g… [+2783 chars]",EXTERNAL,newsapi:Patronlardunyasi.com
EXT-tr-1-57,Metal fırtına,"Jeopolitik riskler, ABD Merkez Bankas'nn (Fed) para politikasna ilikin gelimeler, Çin ekonomisine ilikin sinyaller, ABD Bakan Donald Trump'n tarifleri derken 2025 deerli metallerin yl oldu. Altn ve g… [+2713 chars]",EXTERNAL,newsapi:Sabah.com.tr
EXT-tr-1-58,İstihdam seferberliği başlıyor,Hükümet önümüzdeki yl itibaryla istihdam artracak kapsaml yapsal reform süreci için dümeye bast. Dün Cumhurbakan Yardmcs Cevdet Ylmaz bakanlnda toplanan Ekonomi Koordinasyon Kurulu (EKK) toplantsnda … [+6055 chars],EXTERNAL,newsapi:Sabah.com.tr
EXT-tr-1-59,Eğitim sorunumuz,"Kim devleti ve toplumu, kendi fikir, düşünce ve ideolojisine göre biçimlendirmek istiyorsa; ilk ele alacağı veya aldığı sistem, eğitim sistemidir. Çünkü eğitim, özünde bir “insan yetiştirme” düzenidi… [+5053 chars]",EXTERNAL,newsapi:Yenicaggazetesi.com.tr
EXT-tr-1-60,"""Kalıcı ahlaki yetersizlik...""","Peru Kongresi, 124 milletvekilinin oyuyla kabul edilen azil kararıyla Devlet Başkanı Dina Boluarte’yi “kalıcı ahlaki yetersizlik” gerekçesiyle görevden aldı. Kararın ardından Kongre Başkanı Jose Jeri… [+3848 chars]",EXTERNAL,newsapi:Yenicaggazetesi.com.tr
EXT-tr-1-61,Verinin Dilinden Ekonomik Gerçek,"Ekonomi, sokakta yürüyen insanın cebine değen, maaşına, kira giderine, market fişine sirayet eden bir varlıktır. Fakat bazen, en güçlü işaretler suskunluğu deler — verilerin, oranların, grafiklerin d… [+5418 chars]",EXTERNAL,newsapi:Yenicaggazetesi.com.tr
EXT-tr-1-62,THE açıkladı! İşte ilk 500'e giren 4 Türk üniversitesi,"Uluslararas yükseköretim derecelendirme kuruluu Times Higher Education (THE) 2026 Dünya Üniversiteler Sralamas'nda 4 Türk üniversitesi ilk 500'e, 15 Türk üniversitesi ise ilk 1000'e girdi. Yükseköre… [+2253 chars]",EXTERNAL,newsapi:Haber7.com
EXT-tr-1-63,"İslam Memiş korkunç gerçeği açıkladı! “4, 5 yıla hiçbir şey satın alamayacaksınız”","Finans Analisti İslam Memiş, tv100’de katıldığı programda altın alma, ev satın alma ve yeni dünya düzeni hakkında çarpıcı açıklamalarda bulundu. Altının yükselmesiyle bazı yurttaşların altın almaya … [+2008 chars]",EXTERNAL,newsapi:Yenicaggazetesi.com.tr
EXT-tr-1-64,"İslam Memiş korkunç gerçeği açıkladı! “4, 5 yıla hiç bir şey satın alamayacaksınız”","Finans Analisti İslam Memiş, tv100’de katıldığı programda altın alma, ev satın alma ve yeni dünya düzeni hakkında çarpıcı açıklamalarda bulundu. Altının yükselmesiyle bazı yurttaşların altın almaya … [+2008 chars]",EXTERNAL,newsapi:Yenicaggazetesi.com.tr
EXT-tr-1-65,MİT Başkanı Kalın gündemi değerlendirdi,"Milli stihbarat Tekilat (MT) Bakan brahim Kaln, Gazze'de atekesin salanmasyla bu sabah itibaryla yakn tarihteki önemli bir dönemin geride brakldn belirterek, ""2 yldr devam eden Gazze halkna yönelik s… [+9063 chars]",EXTERNAL,newsapi:Haberturk.com
EXT-tr-1-66,MİT Başkanı İbrahim Kalın'dan Gazze açıklaması,"Kaln, Milli stihbarat Akademisi tarafndan düzenlenen ""Uluslararas stihbarat Çalmalar Kongresi""nin açlndaki konumasnda, etkinliin Türkiye'de yaplan ilk uluslararas istihbarat kongresi olduunu söyledi.… [+8675 chars]",EXTERNAL,newsapi:Haber7.com
EXT-tr-1-67,Bakan Bayraktar: Nükleer enerjide yeni bir döneme giriyoruz,"ANKARA (AA) - Enerji ve Tabii Kaynaklar Bakan Alparslan Bayraktar, Türkiye'nin son 23 ylda yenilenebilir enerjide büyük bir devrim gerçekletirdiini, hidroelektrik santrallerin (HES) bu devrimin ilk b… [+5479 chars]",EXTERNAL,newsapi:Sabah.com.tr
EXT-tr-1-68,MİT Başkanı İbrahim Kalın: Gazze'deki soykırım politikaları artık sona erdi,"MT Bakan Kaln, Milli stihbarat Akademisi tarafndan düzenlenen ""Uluslararas stihbarat Çalmalar Kongresi""nin açlndaki konumasnda, etkinliin Türkiye'de yaplan ilk uluslararas istihbarat kongresi olduunu… [+8790 chars]",EXTERNAL,newsapi:Sabah.com.tr
EXT-tr-1-69,Bakan Bayraktar: Türkiye nükleer rönesansa gidiyor,"p&gt;Enerji ve Tabii Kaynaklar Bakan Alparslan Bayraktar, TOBB Ekonomi ve Teknoloji Üniversitesi'nde (ETÜ) gerçekletirilen 'Hidroelektrikte Yenilikçi Projeler Günü' programna katld. TOBB ETÜ Hidro Su… [+3305 chars]",EXTERNAL,newsapi:Hurriyet.com.tr
EXT-tr-1-70,"Borsa İstanbul haftanın son gününde değer kaybetti, altının fiyatı yüzde 3,3 arttı","BIST 100 endeksi, önceki kapana göre 6,63 puan azalrken, toplam ilem hacmi 105,6 milyar lira oldu. BANKACILIK ENDEKS GERLED Bankaclk endeksi yüzde 0,10, holding endeksi yüzde 1,01 deer kazand. Sek… [+1829 chars]",EXTERNAL,newsapi:Patronlardunyasi.com
EXT-tr-1-71,Necmettin Çalışkan: İsrail bizi secde pozisyonunda bekletti,"MUSTAFA HO LE YOL ARKADAI Haberler deiiyor, koullar deiiyor, gündem deiiyor. Ekonomi, salk, eitim, siyaset...Mustafa Ho, hafta içi her gün 17.30 - 19.00 saatleri arasnda gündemden haberlerle ve haft… [+2397 chars]",EXTERNAL,newsapi:Anlatilaninotesi.com.tr
EXT-tr-1-72,Philips Evnia 49M2C8900/00 İnceleme,"Bir oyun monitörü düşünün; öyle bir monitör ki, ekranın önüne geçtiğinizde adeta etrafınızdaki her şey kayboluyor. Gözlerinizi ekrandan alamayacağınız, oyun dünyasına tamamen dalacağınız bir deneyim … [+7647 chars]",EXTERNAL,newsapi:Chip.com.tr
EXT-tr-1-73,Çin’in maden hamlesi Avrupa ekonomisini tehdit ediyor: Almanya karara tepki gösterdi,"Rusya, ABD, Avrupa ve Ortadou bata olmak üzere dünyann dört bir yanndan son dakika haberleri, analizler ve özel dosyalar. https://anlatilaninotesi.com.tr/20251010/cinin-maden-hamlesi-avrupa-ekonomis… [+3208 chars]",EXTERNAL,newsapi:Anlatilaninotesi.com.tr
EXT-tr-1-74,MİT Başkanı Kalın: Gazze'de ateşkesin sağlanmasıyla yakın tarihimizde önemli bir dönemi geride bıraktık,"Milli stihbarat Tekilat (MT) Bakan brahim Kaln, Milli stihbarat Akademisi tarafndan düzenlenen ""Uluslararas stihbarat Çalmalar Kongresi""nin açlndaki konumasnda, etkinliin Türkiye'de yaplan ilk ulusla… [+9188 chars]",EXTERNAL,newsapi:Anadolu Agency
EXT-tr-1-75,Türkiye Hazır Beton Birliği Başkanı Yavuz Işık: İnşaatta büyüme sürecek,"Türkiye Hazr Beton Birlii (THBB) ve TG Expo i birliiyle düzenlenen “BETON 2025 Hazr Beton, Çimento, Agrega, naat Teknolojileri ve Ekipmanlar Fuar ve Zirvesi”, 12–15 Kasm tarihleri arasnda stanbul Fua… [+3300 chars]",EXTERNAL,newsapi:Patronlardunyasi.com
EXT-tr-1-76,"İstanbul’da düzenlenen GastroEkonomi Zirvesi masayı yalnızca lezzetlerle değil, ekonomiyle, kültürle, vicdanla ve toprakla donattı","Elif Yldz HARMANKAYA GastroEkonomiZirvesiartk yalnzca bir gastronomi zirvesi deil, gastronomi ile ilgilenmeyenlerin bile dikkatini çekecek zengin bir yelpazede konular ele alan, geni bir düünce alan… [+6003 chars]",EXTERNAL,newsapi:Patronlardunyasi.com
EXT-tr-1-77,"Türkiye Innovation Week'te ""Yaratıcı Endüstrilerde Yapay Zeka ile Tasarımın Evrimi"" paneli düzenlendi","Türkiye hracatçlar Meclisi (TM) tarafndan Ticaret Bakanlnn destei ve ""Tomorrow: Now (Gelecek: imdi)"" ana temasyla bu yl 12'ncisi düzenlenen Türkiye Innovation Week 2025 (TIW-Türkiye novasyon Haftas),… [+1699 chars]",EXTERNAL,newsapi:Anadolu Agency
EXT-tr-1-78,Seçmen AKP'yi güvendiği yerden vurdu: Lidere değil ekonomiye bakarım,Her ne kadar iktidar erken seçimin olmayacan belirtse de seçmenin önemli bir ksm Türkiye'deki olumsuz tablonun deimesi için sandn en ksa zamanda kurulmas gerektiini düünüyor. Öte yandan aratrma irke… [+1423 chars],EXTERNAL,newsapi:Yenicaggazetesi.com.tr
EXT-tr-1-79,Ekonomi Koordinasyon Kurulu toplantısında tek bir üyeyle bile temsil edilmeyen kadınlar ülke ekonomisinin can damarı oldu,Feramuz ERDN Bugün PD’de Ekonomi Koordinasyon Kurulu toplants haberini okurken haberin fotoraf dikkatimi çekti: EKK’nn tek bir kadn üyesi bile yoktu! 42 milyon 901 bin 270 kiiyle Türkiye nüfusunun … [+1953 chars],EXTERNAL,newsapi:Patronlardunyasi.com
EXT-tr-1-80,Binance Research raporu piyasaları analiz etti,"Piyasalarda Eylül aynn en belirleyici olay, 17 Eylüldeki FOMC toplants oldu. Toplant öncesinde balayan güçlü yükseli, Fedin faiz indirim kararyla devam etse de, ilerleyen günlerde faiz beklentilerini… [+1881 chars]",EXTERNAL,newsapi:Shiftdelete.net
EXT-tr-1-81,"Amazon'da günün Flaş Fırsatları: Galaxy A17, Philips robot süpürge, şarj adaptörü, Stanley termos","DH'de 2017'den beri Türkiye gündemi, ekonomi, savunma sanayi ve teknoloji alannda içerikler üretiyorum. Sosyal medya paylamlarn yapyorum. Ayrca reklam i birliklerine katk salyorum.",EXTERNAL,newsapi:Donanimhaber.com
EXT-tr-1-82,ABD Senatosu’ndan Suriye kararı,"ABD'de Cumhuriyetçi Senatör Joe Wilson, Senato'nun yıllardır Suriye'ye uygulanan kapsamlı Sezar Yaptırımları'nın kaldırılması yönünde oy kullandı. Wilson sosyal medya platformu X'ten yaptığı paylaşı… [+1168 chars]",EXTERNAL,newsapi:Yenicaggazetesi.com.tr
EXT-tr-1-83,Ekonomistler cari işlemler hesabının ağustosta 5.4 milyar dolar fazla vermesini bekliyor,"AA Finans Ödemeler Dengesi Beklenti Anketi'ne katılan ekonomistler, cari işlemler hesabının ağustos ayında 5 milyar 472 milyon dolar fazla verdiğini tahmin etti. Ekonomistler, cari işlemler açığının 2025 yılında 21 milyar 125 milyon dolar olarak gerçekleşeceğ…",EXTERNAL,newsapi:Turkiyegazetesi.com.tr
EXT-tr-1-84,Merkez Bankası Finansal Hesaplar Raporu yayımlandı,"Rapora göre, yurt içi yerleik sektörlerin toplam finansal varlklar 182 trilyon lira, yükümlülükleri ise 193 trilyon lira düzeyinde gerçekleti. Türkiye ekonomisinin net finansal pozisyon açnn Gayri S… [+1207 chars]",EXTERNAL,newsapi:Haber7.com
EXT-tr-1-85,Tekfen Holding'de üst düzey değişim,"Tekfen Holding'in yönetiminde yeniden yaplanmaya gidildi. irketten Kamuyu Aydnlatma Platformu'na (KAP) yaplan açklamaya göre, 2023 ylndan bu yana Tekfen Holding CEO'su olarak görev yapan Hakan Sadk G… [+1839 chars]",EXTERNAL,newsapi:Haberturk.com
EXT-tr-1-86,AA Finans Ödemeler Dengesi Beklenti Anketi sonuçlandı,"AA Finans'n Türkiye Cumhuriyet Merkez Bankas tarafndan 13 Ekim Pazartesi açklanacak ""Austos 2025 Ödemeler Dengesi"" verilerine ilikin beklenti anketi, 11 ekonomistin katlmyla sonuçland. Ankete göre, … [+930 chars]",EXTERNAL,newsapi:Anadolu Agency
EXT-tr-1-87,Ödemeler Dengesi Beklenti Anketi: Ekonomistler ağustos ayında cari fazla bekliyor,"AA Finans'n Türkiye Cumhuriyet Merkez Bankas tarafndan 13 Ekim Pazartesi açklanacak ""Austos 2025 Ödemeler Dengesi"" verilerine ilikin beklenti anketi, 11 ekonomistin katlmyla sonuçland. Ankete göre, … [+571 chars]",EXTERNAL,newsapi:Sabah.com.tr
EXT-tr-1-88,TCMB'den Finansal Hesaplar Raporu: Yurt içi yerleşik sektörlerin finansal varlıkları 182 trilyonu aştı,"Türkiye Cumhuriyet Merkez Bankasnn (TCMB), 2025'in ikinci çeyreine ilikin ""Finansal Hesaplar Raporu"" yaymland. Rapora göre, yurt içi yerleik sektörlerin toplam finansal varlklar 182 trilyon lira, yü… [+1327 chars]",EXTERNAL,newsapi:Sabah.com.tr
EXT-tr-1-89,Bakan Bolat: Eximbank ihracat kredilerinde hedef aşılıyor,"Ticaret Bakan Ömer Bolat, NSosyal hesabndan, Cumhurbakan Yardmcs Cevdet Ylmaz bakanlnda bugün yaplan söz konusu toplantya katldn bildirdi. Toplantda ihracatçlarn en güçlü destekçisi Türk Eximbank'n … [+1420 chars]",EXTERNAL,newsapi:Sabah.com.tr
EXT-tr-1-90,Spor giyim devine Rekabet Kurulu'ndan 402 milyon TL ceza,"Türkiye ve dünyadan ekonomi alanndaki güncel gelimeler, para piyasalarndaki son durum. Kredi kurulular deerlendirmesi ve dier tüm gelimeler. https://anlatilaninotesi.com.tr/20251010/spor-giyim-devin… [+1815 chars]",EXTERNAL,newsapi:Anlatilaninotesi.com.tr
EXT-tr-1-91,Bakan Bolat: Türk Eximbank'ın 2025 yılı için belirlediğimiz 52 milyar dolar hedefini aşacağına inanıyoruz,"Bolat, NSosyal hesabndan, Cumhurbakan Yardmcs Cevdet Ylmaz bakanlnda bugün yaplan söz konusu toplantya katldn bildirdi. Toplantda ihracatçlarn en güçlü destekçisi Türk Eximbank'n ihracat kredilerini… [+1423 chars]",EXTERNAL,newsapi:Patronlardunyasi.com
EXT-tr-1-92,Dolar ve euroda son durum? Piyasalarda gün ortası (10 Ekim 2025),"Borsa stanbul'da BIST 100 endeksi, günün ilk yarsnda yüzde 0,03 deer kaybederek 10.724,10 puana indi. Dün 10.726,98 puandan kapanan BIST 100 endeksi, güne 10,93 puan ve yüzde 0,10 artla 10.737,92 pua… [+1321 chars]",EXTERNAL,newsapi:Yenicaggazetesi.com.tr
EXT-tr-1-93,"Yönetmen ve senarist Belkıs Bayrak, AA'nın Sinema Atölyesi'ne konuk oldu:","Yönetmen Bayrak, AA Akademi koordinasyonunda, Anadolu Ajans (AA) D ve Ekonomi Haberleri Yayn Müdürü Barkan Ünal'n moderatörlüünde AA stanbul ofisinde düzenlenen Sinema Atölyesi'nin "" Kamerann Arkasnd… [+8412 chars]",EXTERNAL,newsapi:Anadolu Agency
EXT-tr-1-94,Altında sert düşüş: Ralli sona mı erdi? Gram altın ne kadar oldu?,"Türkiye ve dünyadan ekonomi alanndaki güncel gelimeler, para piyasalarndaki son durum. Kredi kurulular deerlendirmesi ve dier tüm gelimeler. https://anlatilaninotesi.com.tr/20251010/altinda-sert-dus… [+4003 chars]",EXTERNAL,newsapi:Anlatilaninotesi.com.tr
EXT-tr-1-95,"Ekonomi Koordinasyon Kurulu toplantısı bitti, yazılı açıklama geldi","Cumhurbakan Yardmcs Cevdet Ylmaz'n bakanlnda EKK toplants düzenlendi. Cumhurbakanl Külliyesi'ndeki toplantya, Hazine ve Maliye Bakan Mehmet imek, Çalma ve Sosyal Güvenlik Bakan Vedat Ikhan, Milli Ei… [+3733 chars]",EXTERNAL,newsapi:Patronlardunyasi.com
EXT-tr-1-96,Yatırım Danışma Komitesi yarın İstanbul'da toplanacak,"Toplantda, 11 ülkeden 30'dan fazla uluslararas irketin üst düzey yöneticileri ve i dünyas temsilcileri, ""Küresel Tedarik Zincirleri"" ve ""Dijital Yatrmlar"" balkl oturumlarnda görü ve önerilerini payla… [+2406 chars]",EXTERNAL,newsapi:Anadolu Agency
EXT-tr-1-97,Ekonomi Koordinasyon Kurulu toplandı,"Ekonomi Koordinasyon Kurulu (EKK), Cumhurbaşkanı Yardımcısı Cevdet Yılmaz'ın başkanlığında toplandı.",EXTERNAL,newsapi:Turkiyegazetesi.com.tr
EXT-tr-1-98,Ekonomi Koordinasyon Kurulu toplantısı sona erdi!,"Cumhurbakanl Külliyesi'ndeki toplantya, Hazine ve Maliye Bakan Mehmet imek, Çalma ve Sosyal Güvenlik Bakan Vedat Ikhan, Milli Eitim Bakan Yusuf Tekin, Sanayi ve Teknoloji Bakan Mehmet Fatih Kacr, Tic… [+1136 chars]",EXTERNAL,newsapi:Haber7.com
EXT-tr-1-99,3 ayı geçirenin başı dertte: Haciz geliyor! İcra işlemleri devreye giriyor,"Son dönemde hzla artan kredi kart kullanm, ödeme güçlüklerini de beraberinde getirdi ve ""90 gün kural"" yeniden gündemin üst sralarna çkt. 3 AY ÖDENMEZSE YASAL TAKP BALIYOR! Yasal düzenlemelere göre… [+1085 chars]",EXTERNAL,newsapi:Haber7.com
EXT-en-1-0,"China’s rare earth controls can ‘forbid any country on Earth from participating in the modern economy,’ former White House advisor warns","Beijings new export controls on rare earths go well beyond restricting access to a critical technology input, according to a former White House advisor.On Thursday, Chinas commerce ministry said that… [+135 chars]",EXTERNAL,newsapi:Biztoc.com
EXT-en-1-1,I’m a Financial Advisor: Here’s How To Turn $100K Into Monthly Income for Life,"Youve got $100,000 to invest. Importantly, youve also got a goal for that money: to invest it wisely enough that it can help provide monthly income for at least 30 years. What moves should you make t… [+5025 chars]",EXTERNAL,newsapi:Yahoo Entertainment
EXT-en-1-2,"American: Seattle – Lisbon, Portugal. $455 (Basic Economy) / $655 (Regular Economy). Roundtrip, including all Taxes",A good sale to Lisbon. Pricing will vary slightly depending on routing Matrix Airfare Search by ITA Software will price this at $655 (Regular Economy). Use those dates on American should reprice to … [+5994 chars],EXTERNAL,newsapi:Theflightdeal.com
EXT-en-1-3,"China’s rare earth controls can ‘forbid any country on Earth from participating in the modern economy,’ former White House advisor warns","Beijings new export controls on rare earths go well beyond restricting access to a critical technology input, according to a former White House advisor.On Thursday, Chinas commerce ministry said that… [+3486 chars]",EXTERNAL,newsapi:Fortune
EXT-en-1-4,"China’s rare earth controls can ‘forbid any country on Earth from participating in the modern economy,’ former White House advisor warns","Beijing’s new export controls on rare earths go well beyond restricting access to a critical technology input, according to a former White House advisor. On Thursday, Chinas commerce ministry said t… [+3576 chars]",EXTERNAL,newsapi:Yahoo Entertainment
EXT-en-1-5,Ditch The Gift Cards That Sit In Drawers: Why Bitcoin Could Be The Holiday Present That Keeps On Giving,Ditch The Gift Cards That Sit In Drawers: Why Bitcoin Could Be The Holiday Present That Keeps On GivingBenzinga and Yahoo Finance LLC may earn commission or revenue on some items through the links be… [+148 chars],EXTERNAL,newsapi:Biztoc.com
EXT-en-1-6,Today’s News in a Nutshell,"KATHMANDU: Khabarhub brings you a glimpse of major developments of the day in Nepal, including politics, business/economy, sports, entertainment, and more. National Assembly Chair urges Prime Minist… [+8890 chars]",EXTERNAL,newsapi:Khabarhub.com
EXT-en-1-7,Zohran Mamdani talks big on his rent-freeze promise — but he can’t legally keep it,"Last week, at a candidates’ forum for New York Citys mayoral contenders, a questioner asked frontrunner Zohran Mamdani whether his signature plan to freeze rents would survive legal scrutiny. He ref… [+4483 chars]",EXTERNAL,newsapi:New York Post
EXT-en-1-8,Is AI Quietly Sabotaging Itself—And The Internet?,"Skip to comments. Is AI Quietly Sabotaging ItselfAnd The Internet?Forbes ^ | Sep 05, 2024 | Tor Constantino Posted on 10/12/2025 9:14:38 AM PDT by Openurmind Interest in artificial intelligenc… [+3895 chars]",EXTERNAL,newsapi:Freerepublic.com
EXT-en-1-9,Ukraine’s power grid targeted again by Russia,Russia has attacked Ukraines power grid in a major overnight operation and part of a campaign to cripple energy infrastructure before winter. The incident came as Moscow expressed extreme concern ov… [+3432 chars],EXTERNAL,newsapi:The Irish Times
EXT-en-1-10,Ramit Sethi’s Top 4 Investing Tips for a $25K Income,"The Q2 2025 weekly earnings data from the U.S. Bureau of Labor Statistics noted that full-time workers earned a median weekly income of $1,196, which is $62,192 per year. Since making $25,000 per yea… [+4145 chars]",EXTERNAL,newsapi:Yahoo Entertainment
EXT-en-1-11,"Trump’s plan to end taxes on Social Security will benefit this 1 group of Americans the most, report finds","Trumps plan to end taxes on Social Security will benefit this 1 group of Americans the most, report findsMoneywise and Yahoo Finance LLC may earn commission or revenue through links in the content be… [+146 chars]",EXTERNAL,newsapi:Biztoc.com
EXT-en-1-12,Distinctive motion design for paid media marketing | Times One Hundred,A recent conversation with motion designer Tyler Jack Cross revealed how distinctive motion design can sharpen marketing campaigns and set brands apart. Here are the key lessons from Tyler and how ma… [+6016 chars],EXTERNAL,newsapi:Timesonehundred.com
EXT-en-1-13,"Texas Water Crisis Threatens Booming Industrial Hotspot for Exxon, Koch","{ window.open(this.href, '_blank'); }, 200); return false;""&gt;Why did gold prices surge recently? { window.open(this.href, '_blank'); }, 200); return false;""&gt;How will the government shutdown impa… [+770 chars]",EXTERNAL,newsapi:Biztoc.com
EXT-en-1-14,Trump’s Fresh Tariff Assault Threatens China’s Fragile Economy,"{ window.open(this.href, '_blank'); }, 200); return false;""&gt;Why did gold prices surge recently? { window.open(this.href, '_blank'); }, 200); return false;""&gt;How will the government shutdown impa… [+739 chars]",EXTERNAL,newsapi:Biztoc.com
EXT-en-1-15,China vows to stand firm against Trump's 100% tariff threat,"{ window.open(this.href, '_blank'); }, 200); return false;""&gt;Why did gold prices surge recently? { window.open(this.href, '_blank'); }, 200); return false;""&gt;How will the government shutdown impa… [+750 chars]",EXTERNAL,newsapi:Biztoc.com
EXT-en-1-16,"World Economy Faces Triple Risk of Tariffs, AI Bubble And Soaring Debt","One of the biggest questions remains whether higher prices eventually derail the US consumer, with knock-on consequences for the world too. While the impact from tariffs on global economic activity h… [+645 chars]",EXTERNAL,newsapi:Ndtvprofit.com
EXT-en-1-17,China raises the stakes,"Relations between China and the US have been tense ever since Trump started his mercurial behavior with tariffs, raising and lowering and raising them again so frequently that I gave up trying to kee… [+5246 chars]",EXTERNAL,newsapi:Freethoughtblogs.com
EXT-en-1-18,Assam CM launches CM-FLIGHT to empower Assam’s youth for global careers,"Syllad | The Rising MeghalayaOctober 12, 2025 In a landmark move to make Assams youth globally competitive, Chief Minister Himanta Biswa Sarma on Sunday launched the Chief Ministers Foreign Language… [+5466 chars]",EXTERNAL,newsapi:Syllad.com
EXT-en-1-19,"Transcript: Sen. Chris Murphy on ""Face the Nation with Margaret Brennan,"" Oct. 12, 2025","The following is the transcript of the interview with Sen. Chris Murphy, Democrat of Connecticut, that aired on ""Face the Nation with Margaret Brennan"" on Oct. 12, 2025. MARGARET BRENNAN: And we're … [+9921 chars]",EXTERNAL,newsapi:CBS News
EXT-en-1-20,New customer loyalty programme Cashpoints starts today - seven retailers on board as Kiwis seek rewards in tight economy,"Cashpoints was designed, he said, to be simple for shoppers to understand - 100 Cashpoints were equal to $1 and could be spent instantly at any participating retailer. There were no minimum thresho… [+6219 chars]",EXTERNAL,newsapi:New Zealand Herald
EXT-en-1-21,Ditch The Gift Cards That Sit In Drawers: Why Bitcoin Could Be The Holiday Present That Keeps On Giving,"Benzinga and Yahoo Finance LLC may earn commission or revenue on some items through the links below. Gift cards have long been the go-to for last-minute holiday shoppers easy to buy, easy to wrap, a… [+4010 chars]",EXTERNAL,newsapi:Yahoo Entertainment
EXT-en-1-22,Liquidations on track to surpass 2024 total as business failures accelerate,"Post the GFC there was a clear general decline in terms of insolvency appointments, and that dropped even further off the back of Covid and the pandemic, Johnstone said. But what youll be seeing now… [+5273 chars]",EXTERNAL,newsapi:New Zealand Herald
EXT-en-1-23,North Dakota to Issue Stablecoin With Fiserv as Digital Dollar Trend Expands,"The Fiserv-powered U.S. dollar stablecoin will be available to local banks and credit unions, joining crypto experiments by U.S. states. <ul><li>The state-owned Bank of North Dakota will issue a U.S… [+2067 chars]",EXTERNAL,newsapi:Activistpost.com
EXT-en-1-24,India wary of China’s bid to tip balance of power in south Asia,"In the small Dhaka apartment of Syed Abdullah Muhammad Taher, the smiling face of Xi Jinping beams out from the cover of a book placed among the Korans on the Islamist leaders desk. The senior membe… [+15563 chars]",EXTERNAL,newsapi:The Irish Times
EXT-en-1-25,China’s challenge within: Its demographic crisis means it’s going to have far fewer workers,"Its almost impossible to reverse a demographic decline, said Louise Loo, the head of Asia economics at research firm Oxford Economics. She estimated Chinas shrinking workforce could shave 0.5% off … [+8619 chars]",EXTERNAL,newsapi:The Washington Post
EXT-en-1-26,Letters: Surely that was the last local election we vote by post?,So surely it is time to change to an online voting system? We trust our banks and other organisations with security. We pay our rates online. There must be off-the-shelf systems available ... or how… [+2218 chars],EXTERNAL,newsapi:New Zealand Herald
EXT-en-1-27,Lawmakers Seem as Entrenched As Ever In Shutdown Fight,"{ window.open(this.href, '_blank'); }, 200); return false;""&gt;Why did gold prices surge recently? { window.open(this.href, '_blank'); }, 200); return false;""&gt;How will the government shutdown impa… [+773 chars]",EXTERNAL,newsapi:Biztoc.com
EXT-en-1-28,"Spotted: When brands take the fight to the streets, literally","Observant travellers on the choked Western Express Highway in Mumbai may have spotted a small purple billboard tucked away in a service lane leading away from the highway. In bold words, District by … [+1943 chars]",EXTERNAL,newsapi:Livemint
EXT-en-1-29,"Q2 results, Tata stocks and gold-silver rush among 10 factors that'll steer D-St this week","Indian benchmark indices ended the week with gains of 1.6%, aided by strength in IT and healthcare stocks. When markets reopen on Monday after the holiday-truncated week, a host of key domestic and g… [+5858 chars]",EXTERNAL,newsapi:The Times of India
EXT-en-1-30,"Cathay Pacific: Los Angeles – Penang, Malaysia. $690. Roundtrip, including all Taxes",A good sale to Penang Sign up for our Real Time Newsletter to receive economy class deals for your city about an hour before they are even posted on our website and social media channels - all for a… [+3590 chars],EXTERNAL,newsapi:Theflightdeal.com
EXT-en-1-31,Assam chief minister launches Foreign Language Training initiative CM-FLIGHT,"In a landmark initiative aimed at transforming the state's youth into globally competitive professionals, Chief Minister Himanta Biswa Sarma launched Chief Ministers Foreign Languages Initiative for … [+5244 chars]",EXTERNAL,newsapi:The Times of India
EXT-en-1-32,'A Pretext to Take Over American Cities': JD Vance Sparks Alarm With Comments on Insurrection Act,Vice President JD Vance sparked alarm on Sunday when he said that President Donald Trump was considering invoking the Insurrection Act under the pretenses of combating violent crime in US cities. Du… [+3591 chars],EXTERNAL,newsapi:Common Dreams
EXT-en-1-33,Mali imposes retaliatory visa bond fees on US travellers,"Mali has imposed visa bond requirements on United States citizens identical to those Washington placed on Malian travellers, in a tit-for-tat response to moves that its government has condemned as a … [+3140 chars]",EXTERNAL,newsapi:Al Jazeera English
EXT-en-1-34,Germany has a new Berlin Wall,"It’s been more than a third of a century since the German unification of 1990. Between Hamburg and Munich and Cologne and Frankfurt-on-Oder, you’ll easily find adults who have no personal memory of t… [+8230 chars]",EXTERNAL,newsapi:RT
EXT-en-1-35,Why Trump—And The Right—Want To Take Down Billionaire George Soros,"Billionaire George Soros, dogged by wild conspiracy theories for decades, has become a constant target for President Donald Trump, who has threatened a federal investigationthough some of the DOJ's i… [+12440 chars]",EXTERNAL,newsapi:Forbes
EXT-en-1-36,"Pick of Portfolio - October 12, 2025",The precious metals rally this year has been on the back of solid structural factors. However in this article my colleague Gurumurthy K says its time to resist the FOMO buying in Silver after it hit … [+1740 chars],EXTERNAL,newsapi:BusinessLine
EXT-en-1-37,"Employee Was Forced To Sit Through Cramped Flights By A Manager Who Only Used A Contracted Airlines, But He Found A Loophole That Got Him Business Class Seats","Pexels/Reddit Flying economy as a big person is not for the faint of heart. This federal employee had always flown with a cheap but comfortable airline for work. His new approving manager, however,… [+10126 chars]",EXTERNAL,newsapi:Twistedsifter.com
EXT-en-1-38,"Dave Ramsey Caller Says Her Partner Wants To Marry After 25 Years And 4 Kids, But Only If She Signs A Prenup For His 300-Person Company","A woman who spent more than two decades raising four kids with her longtime partner says he finally agreed to marry her, but only if she signs a prenuptial agreement to protect his millions. In a re… [+2221 chars]",EXTERNAL,newsapi:Yahoo Entertainment
EXT-en-1-39,The Stoic Capitalist: How Biographies Turned Into A $40B Investment Empire,Stoic principles are more popular than ever. How one founder built an insurance empire on top of them. getty Some of us read to pass the time. Others read to explore the depths of the universe. And… [+9489 chars],EXTERNAL,newsapi:Forbes
EXT-en-1-40,Vance says ACA credits fuel fraud as Democrats push for extension to end shutdown,"{ window.open(this.href, '_blank'); }, 200); return false;""&gt;How will Trumps 100% China tariffs impact markets? { window.open(this.href, '_blank'); }, 200); return false;""&gt;Why are military troop… [+757 chars]",EXTERNAL,newsapi:Biztoc.com
EXT-en-1-41,"United: Dallas – Zurich, Switzerland. $503 (Basic Economy) / $703 (Regular Economy). Roundtrip, including all Taxes","A good sale to Zurich. United and its partners Air Canada, Austrian, Lufthansa and Swiss Airs $703 fare is a regular economy fare with ONE checked bag and a normal size carry-on United and its part… [+5201 chars]",EXTERNAL,newsapi:Theflightdeal.com
EXT-en-1-42,‘You feel kind of forgotten’: Meet a California pipe fitter who got to $118k earnings after a decade but doesn’t know what’s next after the refinery shuts down,"Thirty years ago, Willie Cruz was shocked when he learned the Southern California oil refinery where he worked was shutting down.Cruz, now a 61-year-old living in Arizona, had spent five years workin… [+5847 chars]",EXTERNAL,newsapi:Fortune
EXT-en-1-43,"Canada's tariffs on Chinese EVs created '2-front trade war' hurting Prairie canola, pork producers: Kinew",Manitoba Premier Wab Kinew is asking the prime minister to scrap Canada's 100 per cent tariff on Chinese electric vehicles in return for China lifting its tariffs on Canadian canola and pork. Kinew … [+3399 chars],EXTERNAL,newsapi:CBC News
EXT-en-1-44,"Why Republicans are trying to roll back a law that has protected whales, seals and other sea animals for over 50 years","Republican lawmakers are targeting one of the U.S.s longest standing pieces of environmental legislation, credited with helping save rare whales from extinction.Conservative leaders feel they now hav… [+6917 chars]",EXTERNAL,newsapi:Fortune
EXT-en-1-45,Party leaders condemn STV plan to cut news show,Jamie McIvorScotland news correspondent STV is seeking £2.5m of savings by next year The leaders of Scotland's five main political parties have called for STV to abandon plans to scrap its separate… [+3848 chars],EXTERNAL,newsapi:BBC News
EXT-en-1-46,"If New York or California enter a recession, the entire U.S. economy would be next. So how are they doing?","By Greg RobbAs two of the biggest states in the country, their economies 'may be canaries in the coal mine,' one economist notesThe economies of California and New York could be proverbial canaries i… [+151 chars]",EXTERNAL,newsapi:Biztoc.com
EXT-en-1-47,California oil workers face uncertain future,"SACRAMENTO, Calif. — Thirty years ago, Willie Cruz was shocked when he learned the Southern California oil refinery where he worked was shutting down. Cruz, now a 61-year-old living in Arizona, had … [+6122 chars]",EXTERNAL,newsapi:Krmg.com
EXT-en-1-48,Russia attacks Ukraine's power grid as Moscow worries over US Tomahawk missiles,"Russia attacked Ukraine's power grid overnight into Sunday, part of an ongoing campaign to cripple Ukrainian energy infrastructure before winter, and expressed ""extreme concern"" over the U.S. potenti… [+3561 chars]",EXTERNAL,newsapi:The Times of India
EXT-en-1-49,California oil workers face uncertain future,"SACRAMENTO, Calif. (AP) Thirty years ago, Willie Cruz was shocked when he learned the Southern California oil refinery where he worked was shutting down. Cruz, now a 61-year-old living in Arizona, h… [+5952 chars]",EXTERNAL,newsapi:Associated Press
EXT-en-1-50,"Why You Should Not Buy a House in 2025, According to Graham Stephan","If youre thinking about buying a house as an investment, money expert and YouTube personality Graham Stephan said you may want to reconsider. In a recent YouTube video, he laid out why real estate ma… [+3289 chars]",EXTERNAL,newsapi:Yahoo Entertainment
EXT-en-1-51,Dating app Cerca will show how Gen Z really dates at TechCrunch Disrupt 2025 | TechCrunch,"It’s a truth universally acknowledged that the current dating scene sucks, no matter what city you live in. Everyone has a story. And everyone has a grievance. Take Myles Slayton, for example, who … [+3583 chars]",EXTERNAL,newsapi:TechCrunch
EXT-en-1-52,Andreas Syngros: Nouveau riche fraudster or national benefactor?,"“Chrysokantharos”, meaning nouveau riche, plutocrat or a great national benefactor?A ruthless opportunist, a national thief or by far the most astute businessman of his era and a brilliant national a… [+15837 chars]",EXTERNAL,newsapi:Protothema.gr
EXT-en-1-53,"October tax deadline remains for many tax filers, even during government shutdown","The Oct. 15 income tax filing deadline is right around the corner for taxpayers who requested an automatic six-month extension to file their tax returns. And just days before, the Internal Revenue S… [+6979 chars]",EXTERNAL,newsapi:USA Today
EXT-en-1-54,Three People Charged With Stealing $700K From Manor College,"3 charged in $700K theft from Manor College in Jenkintown Three people are facing charges after allegedly stealing more than $700,000 from Manor College in Jenkintown. On Friday, college administra… [+832 chars]",EXTERNAL,newsapi:Legalinsurrection.com
EXT-en-1-55,Geothermal Power Emerges as Trump’s Favorite Clean Energy,"China has formalized a barter… A fire at Vistra Corps… Sub-$70 oil is squeezing margins,… By Felicity Bradstock - Oct 12, 2025, 10:00 AM CDTOne of the few renewable energy sources that the Trump a… [+5872 chars]",EXTERNAL,newsapi:OilPrice.com
EXT-en-1-56,Watch SpaceX launch its Starship Flight 11 megarocket test flight on Oct. 13,"SpaceX plans to launch Flight 11 of its Starship megarocket on Monday evening (Oct. 13), and you can watch the action live. Starship , the biggest and most powerful rocket ever built, is scheduled … [+2883 chars]",EXTERNAL,newsapi:Space.com
EXT-en-1-57,Are US stocks overvalued? What investors should know about the rally,"To be fair, he was responding to a question, rather than feeling the need to proactively offer an opinion. For the record, I dont believe US stocks are in a bubble. I do, however, agree theyre look… [+3947 chars]",EXTERNAL,newsapi:New Zealand Herald
EXT-en-1-58,"United: Chicago – Athens, Greece. $474 (Basic Economy) / $674 (Regular Economy). Roundtrip, including all Taxes","A good sale to Athens. Pricing will vary slightly depending on routing. United and its partners Air Canada, Austrian, Lufthansa and Swiss Airs $674 fare is a regular economy fare with ONE checked ba… [+5228 chars]",EXTERNAL,newsapi:Theflightdeal.com
EXT-en-1-59,THE RUNNING MAN: Glen Powell's Ben Richards Is Hunted Down On New Posters For Edgar Wright's Adaptation,"Paramount Pictures (via SFFGazette.com) has released two new posters for Edgar Wright's (Shaun of the Dead, Baby Driver, Scott Pilgrim vs. The World) adaptation of Stephen King's The Running Man, whi… [+3209 chars]",EXTERNAL,newsapi:CBM (Comic Book Movie)
EXT-en-1-60,"Pensions, jobs key sticking points in Jindal’s thyssenkrupp acquisition talks","NEW DELHI/MUMBAI : Hefty pension obligations and workforce reorganization have emerged as key issues in Naveen Jindals bid to acquire thyssenkrupp Steel Europe (TKSE), as discussions continue ove… [+5825 chars]",EXTERNAL,newsapi:Livemint
EXT-en-1-61,Why Cutting Back Might Make Burnout Worse,"If I had to sum up my burnoutphilosophy, it would be this: When we fall behind with our work, feel hopelessly overwhelmed by our to-do list, and grow increasingly anxious about our energy and time,… [+5960 chars]",EXTERNAL,newsapi:Psychology Today
EXT-en-1-62,Oregon ‘underemployment’ is rising rapidly,"Oregons jobless rate has been climbing steadily for more than two years, inching up to 5.0% amid a historic wave of layoffs among big employers and a general cooling off in the states labor market. … [+1818 chars]",EXTERNAL,newsapi:OregonLive
EXT-en-1-63,RT Houston to Chicago or Vice Versa $157 Nonstop Airfares on United or American Airlines BE (Travel November - March 2026) (1 replies),"This collaborative space allows users to contribute additional information, tips, and insights to enhance the original deal post. Feel free to share your knowledge and help fellow shoppers make infor… [+26 chars]",EXTERNAL,newsapi:Slickdeals.net
EXT-en-1-64,This couple says they’re $12M in debt after buying 12 Airbnbs — but the risky move gave them financial freedom,This couple says theyre $12M in debt after buying 12 Airbnbs but the risky move gave them financial freedomMoneywise and Yahoo Finance LLC may earn commission or revenue through links in the content … [+145 chars],EXTERNAL,newsapi:Biztoc.com
EXT-en-1-65,What Will Friday's Market Meltdown Mean For Monday,"What Will Friday's Market Meltdown Mean For Monday Submitted by QTR's Fringe FinanceIf youve been a long-time follower of mine, you know that Ive consistently made two points over the last 10 years.… [+138 chars]",EXTERNAL,newsapi:Biztoc.com
EXT-en-1-66,The IMF boss is right to say ‘buckle up’ – the global economy is facing multiple menaces,"Little more than 48 hours passed last week between a warning from the IMF chief, Kristalina Georgieva, that uncertainty is the new normal and Donald Trumps latest tariff onslaught this time aimed at … [+150 chars]",EXTERNAL,newsapi:Biztoc.com
EXT-en-1-67,"Sam Altman Says If Jobs Gets Wiped Out, Maybe They Weren’t Even “Real Work” to Start With","You know it’s going to be good when an AI executive goes off on a tangent about “hey, what’s a job anyway!” while addressing or failing to address the topic of how their tech just might wipe out enti… [+3175 chars]",EXTERNAL,newsapi:Futurism
EXT-en-1-68,"Copa: Miami – Belo Horizonte, Brazil. $404 (Basic Economy) / $544 (Regular Economy). Roundtrip, including all Taxes",A good sale to Belo Horizonte Matrix Airfare Search by ITA Software will price this at $452 (Basic Economy). Use those dates on Copa Air should reprice to $404 (Basic Economy) / $544 (Regular Econom… [+4946 chars],EXTERNAL,newsapi:Theflightdeal.com
EXT-en-1-69,"Is the stock market open on Columbus Day - will banks, post offices open? Here's what you need to know","Monday, October 13, 2025, marks a day of dual recognition, Columbus Day and Indigenous Peoples Day, celebrated across the U.S. While some gather for parades or cultural events, others may be wonderin… [+3522 chars]",EXTERNAL,newsapi:The Times of India
EXT-en-1-70,US guiding Ukrainian attacks on Russian energy – FT,"The US has been assisting Kiev in carrying out drone attacks on energy facilities inside Russia for the past several months, the Financial Times has reported, citing unnamed American and Ukrainian of… [+2087 chars]",EXTERNAL,newsapi:RT
EXT-en-1-71,Fake 'Inflation Refund' texts target New Yorkers in new scam,"An ongoing smishing campaign is targeting New Yorkers with text messages posing as the Department of Taxation and Finance, claiming to offer ""Inflation Refunds"" in an attempt to steal victims' person… [+3071 chars]",EXTERNAL,newsapi:BleepingComputer
EXT-en-1-72,This couple says they’re $12M in debt after buying 12 Airbnbs — but the risky move gave them financial freedom,"X / Michael Elefante Moneywise and Yahoo Finance LLC may earn commission or revenue through links in the content below. To most people, being $12 million in debt sounds like an absolute nightmare. … [+7445 chars]",EXTERNAL,newsapi:Yahoo Entertainment
EXT-en-1-73,"Tariffs, Chips, Rare Earths & Us","US &amp; China are battling over tech, resources and ultimately world dominance. Choosing sides is impractical for India. What it should do is build resilience and self-reliance",EXTERNAL,newsapi:The Times of India
EXT-en-1-74,Five things to watch for in the Canadian business world in the coming week,TORONTO Five things to watch for in the Canadian business world in the coming week: THIS CONTENT IS RESERVED FOR SUBSCRIBERS ONLY Subscribe now to read the latest news in your city and across Canad… [+3798 chars],EXTERNAL,newsapi:Financial Post
EXT-en-1-75,European Banking Authority Warns of Risks During Transitional Period,"The European Banking Authority has published a new report highlighting how the crypto industry has attempted to bypass new legislation like MiCA and its extended AML/CFT legislative framework. MiCA, … [+3446 chars]",EXTERNAL,newsapi:Decrypt
EXT-en-1-76,'Companies keep crushing their earnings': Why Wall Street expects AI to power stocks higher,"With stocks hovering near records despite Friday's sell-off and banks set to kick off earnings season next week, Wall Street is looking for follow-through from whats been a stellar AI-driven year. T… [+4490 chars]",EXTERNAL,newsapi:Yahoo Entertainment
EXT-en-1-77,Build it and they will come may not be enough for Bitcoin DeFi,"Welcome to Slate Sunday, CryptoSlates weekly feature showcasing in-depth interviews, expert analysis, and thought-provoking op-eds that go beyond the headlines to explore the ideas and voices shaping… [+10201 chars]",EXTERNAL,newsapi:CryptoSlate
EXT-en-1-78,Why Sharpies Are Made in America Again,"President Donald Trump loves a Sharpie pen, and now he has all the more reason to love the company that makes them. The president signed the flurry of executive orders he issued the day he returned … [+4864 chars]",EXTERNAL,newsapi:Daily Signal
EXT-en-1-79,"Iberia: New York – Casablanca, Morocco. $392 (Basic Economy) / $592 (Regular Economy). Roundtrip, including all Taxes",A good sale to Casablanca Matrix Airfare Search by ITA Software will price this at $620 (Basic Economy). Use those dates on Iberia should reprice to $392 (Basic Economy) and $592 (Regular Economy). … [+4629 chars],EXTERNAL,newsapi:Theflightdeal.com
EXT-en-1-80,"Afghan FM invites India to invest in minerals, requests opening of Wagah border","Afghanistan's Foreign Minister Amir Khan Muttaqi has invited India to invest in the country's minerals and requested New Delhi to help facilitate trade through the opening of the Wagah border, callin… [+1762 chars]",EXTERNAL,newsapi:The Times of India
EXT-en-1-81,There Is Too Much Friction in Web3 For Newcomers. Here’s How We Fix it,"Picture someone's first day in crypto. They heard the promises about owning their own money, accessing global markets, and participating in the new economy. They download a wallet, buy some ETH, and … [+145 chars]",EXTERNAL,newsapi:Biztoc.com
EXT-en-1-82,Merge Madrid Positions Spain’s Capital As Europe’s Next Crypto Hub,"Merge Madrid 2025, celebrated in Palacio de Cibeles in Madrid. Merge Madrid Europe is building its own Bitcoin, crypto, and Web3 strategy. Among the different cities on the continent, theres one wh… [+7798 chars]",EXTERNAL,newsapi:Forbes
EXT-en-1-83,Govt urges regions to improve fiscal discipline amid transfer shift,"Jakarta (ANTARA) - Regional authorities must strengthen fiscal discipline following the central government’s move to cut and reallocate regional transfer funds (TKD), Home Minister Tito Karnavian sai… [+2232 chars]",EXTERNAL,newsapi:Antaranews.com
EXT-en-1-84,Rotterdam Port Lashers to Suspend Strike from Monday,"Saudi Arabias real estate sector, particularly in Riyadh, is undergoing a new phase of regulation and reform designed to bring long-term stability, enhance transparency, and protect the rights of all… [+4041 chars]",EXTERNAL,newsapi:Aawsat.com
EXT-en-1-85,Global confidence reflected in green investment at 2025 ISF: govt,"Jakarta (ANTARA) - The investment and cooperation secured at the Indonesia International Sustainability Forum (ISF) 2025 reflect global confidence in Indonesia’s policy direction, Coordinating Minist… [+1796 chars]",EXTERNAL,newsapi:Antaranews.com
EXT-en-1-86,"Put equity lending onchain, or get out of the way","Opinion by: Hedy Wang, co-founder and CEO at Block Street Equity markets are still running on outdated rails batch files, email reconciliations and sluggish collateral transfers that crawl between c… [+4760 chars]",EXTERNAL,newsapi:Cointelegraph
EXT-en-1-87,Women Journalists Attend Afghan Foreign Minister's Second Media Briefing,"Putting to rest a controversy over the absence of women journalists at his media interaction two days back, Afghan Foreign Minister Amir Khan Muttaqi on Sunday said there was no intention behind it. … [+2759 chars]",EXTERNAL,newsapi:Ndtvprofit.com
EXT-en-1-88,"Air Canada: Boston – Brussels, Belgium. $372 (Basic Economy) / $572 (Regular Economy). Roundtrip, including all Taxes","A good sale to Brussels United and its partners Air Canada, Austrian, Lufthansa and Swiss Airs $572 fare is a regular economy fare with ONE checked bag and a normal size carry-on United and its par… [+5283 chars]",EXTERNAL,newsapi:Theflightdeal.com
EXT-en-1-89,13 Reasons Retirees Regret Moving To Arizona,"Arizona has been a popular retirement destination for decades, but many newcomers and even current residents are rethinking that status. The Grand Canyon State is renowned for its year-round warm wea… [+20299 chars]",EXTERNAL,newsapi:Moneydigest.com
EXT-en-1-90,Future Blockchain Summit (Gitex Global 2025) Dubai 2025 Welcomes ZEX PR WIRE as Official Content Distributor,"Dubai, UAE, Oct. 12, 2025 (GLOBE NEWSWIRE) -- ZEX PR WIRE is honored to be named the official Content Distribution Partner at the prestigious Future Blockchain Summit 2025 , happening from 12th Oc… [+4025 chars]",EXTERNAL,newsapi:GlobeNewswire
EXT-en-1-91,Investors seek economic clues from bank earnings amid data fog,"{ window.open(this.href, '_blank'); }, 200); return false;""&gt;Who is the leading candidate for next Fed Chair? { window.open(this.href, '_blank'); }, 200); return false;""&gt;Why is REI closing multi… [+738 chars]",EXTERNAL,newsapi:Biztoc.com
EXT-en-1-92,FAQ: Why America just bailed out Argentina with a $20 billion lifeline,"{ window.open(this.href, '_blank'); }, 200); return false;""&gt;Who is the leading candidate for next Fed Chair? { window.open(this.href, '_blank'); }, 200); return false;""&gt;Why is REI closing multi… [+714 chars]",EXTERNAL,newsapi:Biztoc.com
EXT-en-1-93,"Trump’s plan to end taxes on Social Security will benefit this 1 group of Americans the most, report finds",Getty Images Moneywise and Yahoo Finance LLC may earn commission or revenue through links in the content below. Social Security is a key income source for millions of retired Americans. Social Sec… [+7105 chars],EXTERNAL,newsapi:Yahoo Entertainment
EXT-en-1-94,"World Economy Faces Triple Risk of Tariffs, AI Bubble and Soaring Debt","{ window.open(this.href, '_blank'); }, 200); return false;""&gt;Who is the leading candidate for next Fed Chair? { window.open(this.href, '_blank'); }, 200); return false;""&gt;Why is REI closing multi… [+744 chars]",EXTERNAL,newsapi:Biztoc.com
EXT-en-1-95,Closure of trouble-riddled Whole Foods rocks upscale community as residents fear property prices will plunge,Skip to comments. Closure of trouble-riddled Whole Foods rocks upscale community as residents fear property prices will plungeDAILYMAIL.COM ^ | 11 October 2025 | ALEXA CIMINO Posted on 10/12/20… [+2650 chars],EXTERNAL,newsapi:Freerepublic.com
EXT-en-1-96,Sunday Summary: The Big Time,"Nearly everything this week seemed to clock in on the larger side. That cut both ways. For instance, finance impresario Ken Griffins relocation to Miami from Chicago was one of the defining busines… [+6068 chars]",EXTERNAL,newsapi:Commercial Observer
